{"cameraMode":{"drawMode":0,"name":"Shaded","section":"Shading Mode"},"sceneLighting":false,"audioPlay":false,"sceneViewState":{"showFog":false,"showMaterialUpdate":false,"showSkybox":false,"showFlares":false,"showImageEffects":false,"showParticleSystems":false},"in2DMode":false,"pivot":{"x":0.17100000381469727,"y":-0.35129156708717348,"z":0.8509995937347412},"rotation":{"x":-0.4870944917201996,"y":0.012308286502957344,"z":-0.006871344521641731,"w":-0.873245894908905},"size":7.621659278869629,"orthographic":false}