{"cameraMode":{"drawMode":0,"name":"Shaded","section":"Shading Mode"},"sceneLighting":true,"audioPlay":false,"sceneViewState":{"showFog":false,"showMaterialUpdate":false,"showSkybox":false,"showFlares":false,"showImageEffects":false,"showParticleSystems":false},"in2DMode":false,"pivot":{"x":477.3831481933594,"y":186.8252410888672,"z":15.165552139282227},"rotation":{"x":-0.4870944917201996,"y":0.012308286502957344,"z":-0.006871344521641731,"w":-0.873245894908905},"size":5.802197456359863,"orthographic":false}